Age,Gender,Country,state,self_employed,family_history,treatment,no_employees,remote_work,tech_company,benefits,care_options,wellness_program,seek_help,anonymity,leave,mental_health_consequence,phys_health_consequence,coworkers,supervisor,mental_health_interview,phys_health_interview,mental_vs_physical,obs_consequence
31,Male,United States,TX,,No,No,100-500,Yes,Yes,Yes,No,Don't know,Don't know,Don't know,Don't know,No,No,Some of them,Yes,Yes,Yes,Don't know,No
35,Female,United States,MI,,Yes,Yes,1-5,Yes,Yes,No,No,No,No,No,Somewhat difficult,Maybe,Maybe,Some of them,No,No,No,Don't know,No
31,Male,United States,OH,,No,Yes,6-25,Yes,Yes,Don't know,No,No,No,Don't know,Don't know,No,No,Some of them,Yes,No,No,Don't know,No
46,Male,United States,MD,Yes,Yes,No,1-5,Yes,Yes,Yes,Not sure,Yes,Don't know,Yes,Very easy,No,No,Yes,Yes,No,Yes,Yes,Yes
31,Male,United States,NC,Yes,No,No,1-5,Yes,Yes,No,No,No,No,Yes,Somewhat difficult,No,No,Some of them,Some of them,No,Maybe,Yes,No
46,Male,United States,MA,No,No,Yes,26-100,Yes,Yes,Yes,Yes,No,No,Don't know,Don't know,Maybe,No,Some of them,Yes,No,Maybe,No,No
35,Female,United States,CA,No,Yes,Yes,6-25,Yes,Yes,Yes,Yes,Don't know,Don't know,Don't know,Don't know,No,No,Yes,Yes,Maybe,Maybe,Yes,No
34,Male,United States,OH,No,No,Yes,26-100,Yes,Yes,Don't know,Not sure,No,Don't know,Don't know,Somewhat difficult,No,No,Some of them,No,No,No,No,No
31,Male,United States,PA,Yes,Yes,No,1-5,Yes,Yes,No,Yes,No,No,Don't know,Somewhat difficult,Yes,No,No,No,No,No,No,Yes
42,Male,United States,WA,No,Yes,Yes,26-100,Yes,Yes,Yes,Yes,Yes,Yes,Yes,Very easy,Maybe,No,Some of them,Some of them,Maybe,Yes,Don't know,No
35,Male,United States,TX,No,No,Yes,More than 1000,Yes,Yes,Yes,Yes,No,Yes,Yes,Very easy,No,No,Yes,Yes,Maybe,Maybe,Yes,No
35,Male,United States,MI,No,No,No,More than 1000,Yes,Yes,Yes,Not sure,Don't know,Yes,Don't know,Somewhat difficult,Yes,Yes,Some of them,No,No,Maybe,Don't know,No
33,Male,United States,UT,No,No,No,100-500,Yes,Yes,Don't know,Not sure,Don't know,Don't know,Don't know,Don't know,No,No,Some of them,Yes,Maybe,Maybe,Don't know,No
31,Male,United States,NS,No,No,No,100-500,Yes,Yes,Don't know,No,Don't know,Don't know,Don't know,Don't know,Maybe,Maybe,Some of them,Some of them,Maybe,Maybe,Don't know,No
32,Male,United States,TN,No,No,No,1-5,Yes,Yes,Don't know,Not sure,No,No,Don't know,Don't know,Maybe,No,Some of them,Yes,No,No,Don't know,No
32,Male,United States,TN,No,Yes,No,6-25,Yes,Yes,Don't know,No,No,No,Don't know,Somewhat easy,No,No,Yes,Yes,No,No,Yes,No
24,Male,United States,NY,No,Yes,Yes,26-100,Yes,Yes,Don't know,No,No,No,Don't know,Don't know,No,Maybe,Some of them,Yes,Yes,Yes,No,No
40,Male,United States,CA,No,Yes,No,More than 1000,Yes,Yes,Yes,Yes,Yes,Yes,Don't know,Don't know,Yes,Maybe,Some of them,No,No,No,No,Yes
36,Male,United States,TX,No,No,No,100-500,Yes,Yes,Yes,No,Don't know,Yes,Don't know,Don't know,Maybe,No,Some of them,Some of them,Maybe,Yes,Yes,No
31,Female,United States,NM,No,No,No,26-100,Yes,No,Don't know,No,Don't know,Don't know,Don't know,Don't know,Maybe,No,Some of them,No,No,Maybe,Don't know,No
34,Male,United States,NY,Yes,No,No,1-5,Yes,Yes,No,No,No,No,Don't know,Don't know,Maybe,No,Some of them,No,No,No,Don't know,No
25,Male,United States,WA,No,No,No,More than 1000,Yes,Yes,Yes,Yes,Yes,Yes,Don't know,Don't know,No,No,Yes,Yes,Maybe,Yes,Yes,No
31,Male,United States,WA,Yes,Yes,No,1-5,Yes,Yes,No,No,No,No,Yes,Somewhat difficult,No,No,Yes,Yes,Maybe,Maybe,Yes,No
32,Male,United States,UT,No,Yes,Yes,26-100,Yes,Yes,No,No,No,No,Don't know,Somewhat difficult,Yes,No,Some of them,No,No,Yes,No,No
38,Male,United States,NY,No,Yes,No,100-500,Yes,Yes,Yes,Yes,No,Yes,Don't know,Don't know,No,No,Yes,Some of them,Maybe,Maybe,Yes,No
27,Female,United States,NY,Yes,No,Yes,1-5,Yes,Yes,Yes,Yes,Yes,Yes,Yes,Very easy,Maybe,Maybe,Some of them,Yes,No,Maybe,Yes,No
34,Female,United States,OR,No,Yes,Yes,500-1000,Yes,Yes,Yes,Not sure,No,Don't know,Don't know,Don't know,Yes,Maybe,Some of them,Some of them,No,No,Don't know,No
33,Male,United States,WI,No,Yes,Yes,26-100,Yes,Yes,Yes,Yes,Yes,Yes,Yes,Somewhat easy,No,No,Some of them,Yes,Maybe,Maybe,Yes,No
35,Male,United States,OR,No,Yes,Yes,26-100,Yes,Yes,Don't know,Not sure,No,No,Don't know,Somewhat easy,No,No,Some of them,Yes,No,Maybe,No,No
34,Male,United States,TN,No,Yes,No,6-25,Yes,Yes,Yes,No,No,No,Don't know,Don't know,Maybe,No,No,No,No,No,Don't know,No
45,Male,United States,MO,No,Yes,Yes,6-25,Yes,Yes,Yes,Yes,No,Yes,Yes,Very easy,No,No,Yes,Yes,Yes,Yes,Yes,No
18,Male,United States,CT,No,No,Yes,1-5,Yes,Yes,No,No,No,No,Yes,Very easy,No,No,Some of them,No,No,No,Don't know,No
35,Male,United States,CO,No,No,No,26-100,Yes,Yes,Don't know,Not sure,No,Don't know,Don't know,Don't know,No,No,Some of them,Yes,Maybe,Maybe,Don't know,No
25,Male,United States,DC,No,No,No,26-100,Yes,Yes,Don't know,No,No,No,Don't know,Very easy,No,No,Some of them,Yes,No,No,Don't know,No
33,Male,United States,MN,No,Yes,Yes,6-25,Yes,Yes,Don't know,No,Don't know,Don't know,Yes,Very easy,No,No,Yes,Yes,No,Maybe,Yes,No
32,Male,United States,CA,No,No,No,1-5,Yes,Yes,No,Yes,No,No,Don't know,Very difficult,Maybe,No,Yes,Some of them,No,Yes,Don't know,No
35,Male,United States,TX,No,No,No,26-100,Yes,No,Don't know,Not sure,Don't know,Don't know,Don't know,Don't know,Yes,No,Some of them,No,No,Maybe,Don't know,No
31,Male,United States,MN,No,No,No,More than 1000,Yes,No,Yes,No,Don't know,Yes,Don't know,Don't know,No,No,Some of them,Yes,No,No,Don't know,No
30,Female,United States,PA,No,Yes,No,More than 1000,Yes,Yes,Don't know,Not sure,No,Don't know,Don't know,Don't know,Maybe,Maybe,Some of them,Some of them,No,Maybe,Don't know,No
29,Female,United States,MI,No,No,No,100-500,Yes,Yes,Don't know,Not sure,No,Don't know,Don't know,Don't know,Maybe,No,No,Some of them,No,Maybe,Don't know,No
27,Male,United States,UT,No,No,Yes,26-100,Yes,Yes,No,Yes,No,No,Don't know,Somewhat difficult,Maybe,No,Some of them,Yes,No,No,Don't know,Yes
32,Female,United States,MA,No,No,Yes,6-25,Yes,Yes,Yes,Not sure,Don't know,Don't know,Yes,Very easy,No,No,Yes,Yes,No,No,Yes,Yes
33,Male,United States,TX,No,No,No,6-25,Yes,Yes,Don't know,No,No,No,Don't know,Very easy,No,No,Yes,Yes,No,Maybe,Don't know,No
43,Male,United States,WA,No,Yes,Yes,More than 1000,Yes,Yes,Yes,Not sure,No,Don't know,Don't know,Very difficult,Yes,Maybe,No,No,No,No,No,No
37,Male,United States,MA,No,No,No,500-1000,Yes,Yes,Yes,No,No,No,Don't know,Don't know,Yes,No,Some of them,No,Maybe,Yes,No,No
35,Female,United States,NY,No,No,No,500-1000,Yes,Yes,Don't know,Not sure,No,No,Don't know,Don't know,Maybe,Maybe,Some of them,No,No,No,Don't know,No
27,Male,United States,TN,No,Yes,No,6-25,Yes,Yes,Yes,Yes,No,No,Don't know,Somewhat easy,Maybe,Maybe,Some of them,Some of them,No,Maybe,Yes,No
41,Male,United States,FL,No,No,Yes,6-25,Yes,Yes,No,Not sure,No,No,Don't know,Very difficult,Maybe,Maybe,Some of them,Some of them,Maybe,Maybe,Don't know,No
27,Female,United States,MI,Yes,Yes,Yes,1-5,Yes,Yes,No,No,Don't know,Don't know,Don't know,Very difficult,No,No,Some of them,No,No,No,Don't know,No
32,Male,United States,WA,No,No,No,1-5,Yes,Yes,No,Yes,No,No,Don't know,Very difficult,No,No,Some of them,Yes,No,Maybe,Yes,No
41,Male,United States,TX,No,No,Yes,500-1000,Yes,Yes,Yes,Yes,No,Don't know,Don't know,Don't know,Maybe,Maybe,Some of them,No,Maybe,Maybe,No,No
38,Male,United States,NH,No,No,No,26-100,Yes,Yes,Don't know,Not sure,No,Don't know,Don't know,Don't know,Maybe,Maybe,Some of them,Yes,No,Maybe,No,No
27,Male,United States,GA,No,No,No,More than 1000,Yes,Yes,Yes,Yes,Don't know,Don't know,Yes,Somewhat easy,No,No,Some of them,Yes,Maybe,Maybe,Yes,No
40,Male,United States,OH,No,No,Yes,More than 1000,Yes,Yes,Yes,Yes,Yes,Yes,Yes,Don't know,Yes,Maybe,No,No,No,Maybe,No,Yes
32,Male,United States,NC,No,Yes,Yes,1-5,Yes,Yes,No,No,No,No,Don't know,Don't know,Maybe,No,Yes,Yes,No,Yes,Don't know,No
29,Female,United States,NY,No,Yes,Yes,500-1000,Yes,No,Yes,Yes,Yes,Don't know,Yes,Don't know,Maybe,No,Some of them,No,Maybe,Yes,Don't know,No
23,Male,United States,AL,No,Yes,Yes,26-100,Yes,No,Don't know,No,No,Don't know,Yes,Somewhat easy,Maybe,No,Some of them,Some of them,No,Yes,Yes,No
31,Male,United States,CA,No,Yes,Yes,100-500,Yes,Yes,Yes,Yes,Yes,Don't know,Yes,Very easy,No,No,Some of them,Yes,No,Maybe,Yes,No
42,Male,United States,WA,No,No,No,6-25,Yes,Yes,No,Yes,No,Yes,Don't know,Somewhat easy,No,No,Some of them,Yes,No,No,Yes,No
30,Male,United States,FL,No,No,Yes,100-500,Yes,Yes,Yes,Yes,No,Yes,Yes,Don't know,No,No,Yes,Yes,Maybe,No,Yes,No
41,Male,United States,AL,No,No,Yes,26-100,Yes,Yes,Yes,Yes,Don't know,No,Don't know,Very easy,No,No,Yes,Yes,Yes,Yes,Yes,No
32,Male,United States,CO,No,No,No,6-25,Yes,Yes,No,No,No,No,Don't know,Very easy,No,No,Yes,Yes,No,No,Don't know,No
38,Male,United States,PA,No,No,Yes,26-100,Yes,Yes,Yes,No,No,No,Don't know,Don't know,Yes,No,No,No,No,Maybe,No,No
26,Female,United States,TX,No,Yes,Yes,More than 1000,Yes,Yes,Yes,Yes,Yes,Don't know,Don't know,Somewhat easy,Maybe,No,Some of them,No,No,No,Don't know,No
28,Female,United States,WA,No,Yes,Yes,100-500,Yes,No,Yes,Yes,Yes,Yes,Yes,Somewhat easy,Yes,No,Some of them,Yes,No,No,Yes,No
25,Male,United States,OR,No,No,No,26-100,Yes,Yes,Don't know,Not sure,No,Don't know,Don't know,Don't know,No,No,Some of them,Yes,No,No,Don't know,No
41,Male,United States,SD,No,Yes,Yes,100-500,Yes,Yes,Yes,Yes,Don't know,Yes,Yes,Somewhat easy,No,No,Some of them,Yes,Maybe,Maybe,Yes,No
30,Male,United States,OH,Yes,No,No,1-5,Yes,Yes,No,Yes,No,No,Don't know,Don't know,Maybe,No,Some of them,Some of them,No,Maybe,Don't know,No
33,Female,United States,WA,No,Yes,No,26-100,Yes,Yes,No,Yes,No,No,Don't know,Very difficult,Yes,Maybe,Some of them,Some of them,No,Maybe,No,No
34,Male,United States,WA,No,No,Yes,100-500,Yes,Yes,No,No,No,No,Don't know,Somewhat easy,Yes,Yes,Some of them,Some of them,No,Maybe,Don't know,No
29,Male,United States,IN,Yes,No,No,1-5,Yes,Yes,No,Yes,No,No,Yes,Very easy,No,No,Yes,Yes,Maybe,Maybe,Yes,No
26,Male,United States,OK,Yes,Yes,Yes,100-500,Yes,No,No,No,No,Don't know,No,Don't know,Maybe,No,Some of them,Yes,No,Yes,No,No
31,Male,United States,OH,No,No,Yes,6-25,Yes,Yes,Yes,Yes,No,No,Don't know,Don't know,Maybe,No,Some of them,No,No,No,No,No
45,Male,United States,MA,No,No,Yes,26-100,Yes,Yes,Yes,Yes,Don't know,Don't know,Don't know,Don't know,Maybe,No,No,Some of them,No,Maybe,Don't know,No
25,Female,United States,WA,No,Yes,Yes,26-100,Yes,Yes,Don't know,No,No,No,Don't know,Don't know,Maybe,No,Some of them,Yes,No,No,Yes,No
31,Male,United States,IN,No,Yes,Yes,26-100,Yes,Yes,Yes,No,No,No,Don't know,Don't know,No,No,Yes,Yes,No,No,Don't know,No
27,Female,United States,CO,No,Yes,Yes,More than 1000,Yes,Yes,Yes,Yes,No,Don't know,Don't know,Don't know,Maybe,Maybe,No,Yes,No,No,Don't know,No
29,Trans,United States,CA,Yes,Yes,Yes,1-5,Yes,Yes,Yes,Yes,No,No,Don't know,Very difficult,Yes,No,Some of them,No,No,Maybe,No,No
33,Male,United States,NH,No,Yes,Yes,26-100,Yes,Yes,Yes,Yes,Yes,Yes,Don't know,Don't know,Yes,Maybe,Yes,Some of them,No,No,Yes,No
33,Male,United States,CA,No,No,No,More than 1000,Yes,Yes,Don't know,No,Don't know,Don't know,Don't know,Don't know,Yes,No,Some of them,No,No,Maybe,Yes,No
33,Male,United States,OH,No,Yes,Yes,More than 1000,Yes,Yes,Yes,Yes,No,No,Don't know,Somewhat easy,Yes,No,No,No,No,No,No,No
26,Female,United States,OK,No,No,Yes,100-500,Yes,Yes,Don't know,Not sure,Don't know,Don't know,Don't know,Somewhat difficult,No,No,Some of them,Some of them,No,No,Yes,No
55,Male,United States,ID,No,Yes,Yes,1-5,Yes,Yes,No,Yes,No,Don't know,Don't know,Don't know,Yes,Maybe,No,No,No,No,No,Yes
33,Male,United States,MS,Yes,No,Yes,1-5,Yes,Yes,No,No,No,No,Yes,Somewhat easy,Yes,Maybe,Some of them,Some of them,Yes,Yes,Don't know,No
29,Male,United States,PA,No,Yes,Yes,1-5,Yes,Yes,Yes,Yes,Yes,Yes,Yes,Somewhat easy,No,No,Yes,Yes,Maybe,Maybe,Yes,No
36,Male,United States,KY,No,No,No,More than 1000,Yes,Yes,Yes,No,Yes,Don't know,Don't know,Somewhat easy,Maybe,No,No,No,No,No,Don't know,No
33,Female,United States,MA,No,No,No,100-500,Yes,Yes,Yes,No,Don't know,No,Don't know,Don't know,No,No,Some of them,Yes,No,No,Yes,No
43,Male,United States,MA,Yes,Yes,Yes,6-25,Yes,Yes,Yes,Yes,No,No,Yes,Very easy,No,No,Yes,Yes,Maybe,Maybe,Yes,No
28,Male,United States,UT,No,No,No,6-25,Yes,Yes,No,Yes,No,No,Don't know,Somewhat easy,Yes,Maybe,Some of them,No,No,No,Don't know,No
27,Male,United States,TX,No,Yes,Yes,6-25,Yes,Yes,Don't know,No,Yes,Don't know,Don't know,Somewhat easy,Yes,No,Some of them,Yes,No,Maybe,Yes,No
31,Male,United States,OR,No,No,Yes,100-500,Yes,Yes,Yes,Yes,Yes,Yes,Yes,Very easy,No,No,Some of them,Yes,No,No,Yes,No
34,Male,United States,OH,No,No,No,6-25,Yes,Yes,Don't know,No,No,No,Don't know,Very difficult,Maybe,No,Some of them,Yes,No,Maybe,Don't know,No
30,Male,United States,CA,Yes,Yes,Yes,1-5,Yes,Yes,No,Yes,No,No,Yes,Very easy,No,No,Yes,Yes,No,No,Yes,No
24,Female,United States,CA,Yes,Yes,Yes,1-5,Yes,Yes,No,No,Don't know,Don't know,Don't know,Don't know,No,No,Some of them,Some of them,No,No,Don't know,Yes
25,Female,United States,CA,Yes,Yes,Yes,1-5,Yes,Yes,Don't know,Not sure,No,No,Yes,Somewhat difficult,Yes,No,Some of them,No,No,Maybe,No,Yes
33,Female,United States,NY,No,No,Yes,500-1000,Yes,Yes,Yes,Yes,Yes,Yes,Don't know,Very easy,No,No,Some of them,Some of them,No,No,Don't know,No
43,Male,United States,NC,No,No,No,6-25,Yes,Yes,Don't know,No,No,Don't know,Don't know,Don't know,Maybe,No,Some of them,No,No,No,Don't know,No
46,Male,United States,OH,No,No,Yes,500-1000,Yes,Yes,Yes,Not sure,Yes,Yes,Yes,Don't know,No,No,Some of them,Yes,No,Maybe,Yes,No
36,Male,United States,IL,Yes,Yes,Yes,1-5,Yes,Yes,Don't know,Yes,Don't know,No,Yes,Somewhat difficult,Maybe,No,Some of them,Yes,No,Yes,Yes,No
41,Female,United States,NS,No,Yes,Yes,500-1000,Yes,Yes,Yes,Yes,Yes,Yes,Yes,Very easy,Maybe,Maybe,Some of them,Some of them,No,No,Yes,No
39,Male,United States,WI,No,Yes,Yes,26-100,Yes,Yes,Yes,Yes,Yes,Yes,Don't know,Somewhat easy,Yes,No,Some of them,Yes,No,No,No,No
28,Female,United States,CA,No,Yes,Yes,100-500,Yes,Yes,Yes,No,No,Don't know,Don't know,Don't know,Yes,Yes,Some of them,Some of them,No,No,No,Yes
65,Male,United States,FL,Yes,No,No,6-25,Yes,No,No,No,No,No,Don't know,Very easy,Maybe,No,Some of them,No,No,No,Yes,No
27,Male,United States,OR,No,Yes,Yes,100-500,Yes,Yes,Don't know,No,No,Don't know,Don't know,Don't know,No,No,Some of them,No,No,No,Yes,No
50,Male,United States,NS,No,No,No,26-100,Yes,Yes,No,Yes,No,No,Don't know,Don't know,No,No,No,No,No,Maybe,No,No
33,Male,United States,MI,No,Yes,No,6-25,Yes,Yes,Don't know,Not sure,No,No,Yes,Very easy,No,No,Some of them,Yes,No,No,Yes,No
34,Male,United States,IL,No,Yes,Yes,26-100,Yes,No,Yes,No,No,No,Don't know,Don't know,Maybe,No,Some of them,Some of them,No,Maybe,Don't know,No
50,Male,United States,OR,No,Yes,No,100-500,Yes,Yes,Don't know,No,No,Don't know,Don't know,Don't know,No,No,Some of them,Yes,Maybe,Maybe,Don't know,No
34,Male,United States,NH,No,Yes,Yes,26-100,Yes,Yes,Yes,Yes,No,No,Don't know,Don't know,Maybe,No,Some of them,Some of them,No,Yes,Don't know,Yes
31,Male,United States,NY,No,No,No,26-100,Yes,Yes,Don't know,No,No,Don't know,Don't know,Don't know,Yes,No,No,No,No,Maybe,Don't know,No
43,Male,United States,WA,No,No,No,500-1000,Yes,Yes,Don't know,Not sure,Don't know,Don't know,Don't know,Don't know,No,No,Yes,Yes,No,No,Yes,No
35,Male,United States,TN,Yes,Yes,No,6-25,Yes,Yes,No,No,Yes,Yes,Don't know,Very easy,No,No,Yes,Yes,No,Maybe,Yes,No
30,Female,United States,WI,Yes,Yes,Yes,1-5,Yes,No,No,Yes,No,Yes,Yes,Somewhat difficult,No,No,Yes,Yes,No,No,Yes,No
50,Male,United States,WY,No,No,No,1-5,Yes,Yes,Don't know,No,No,Don't know,Don't know,Don't know,Yes,Maybe,Some of them,Some of them,No,Maybe,Don't know,No
42,Male,United States,WI,Yes,No,No,6-25,Yes,No,No,Yes,No,No,Don't know,Very easy,No,No,Some of them,Yes,Maybe,Maybe,Yes,No
30,Male,United States,GA,Yes,No,Yes,6-25,Yes,Yes,No,Not sure,No,Yes,Don't know,Somewhat difficult,No,No,Yes,Yes,No,Maybe,Yes,No
35,Male,United States,MD,No,Yes,Yes,100-500,Yes,No,Yes,Yes,No,No,Yes,Very difficult,Yes,No,Some of them,No,No,Maybe,No,No
31,Female,United States,WA,No,No,Yes,26-100,Yes,Yes,Yes,Yes,No,No,Don't know,Very easy,Maybe,No,Some of them,Some of them,No,Yes,Don't know,No
28,Male,United States,MI,No,Yes,Yes,26-100,Yes,Yes,Yes,Not sure,No,Don't know,Don't know,Don't know,Yes,No,Some of them,Some of them,No,No,Don't know,Yes
34,Female,United States,CA,No,No,Yes,100-500,Yes,Yes,Yes,Yes,No,Don't know,Don't know,Somewhat easy,Maybe,No,Some of them,Yes,No,No,Yes,No
35,Male,United States,NS,Yes,No,No,1-5,Yes,Yes,Yes,Not sure,No,No,Yes,Very easy,No,No,Some of them,Yes,No,No,Yes,No
39,Male,United States,FL,No,No,No,More than 1000,Yes,No,Don't know,No,Yes,Yes,Don't know,Don't know,No,No,Some of them,Some of them,No,Maybe,Don't know,No
28,Male,United States,IL,No,No,Yes,26-100,Yes,No,Don't know,Not sure,No,Don't know,Don't know,Don't know,No,No,Some of them,Yes,No,Maybe,Don't know,No
45,Male,United States,VA,No,No,Yes,1-5,Yes,Yes,Yes,Not sure,No,Yes,Don't know,Very easy,No,No,Yes,Yes,No,Maybe,Yes,No
28,Male,United States,NM,No,No,No,26-100,Yes,Yes,Don't know,No,No,No,Don't know,Don't know,Maybe,No,Some of them,No,No,No,Don't know,No
39,Female,United States,TX,No,No,No,More than 1000,Yes,No,No,Yes,No,No,Don't know,Very difficult,Yes,Maybe,No,No,No,Maybe,No,No
33,Male,United States,WA,Yes,Yes,Yes,1-5,Yes,Yes,No,Yes,Yes,Yes,No,Very difficult,No,No,Yes,Yes,No,No,Yes,Yes
32,Male,United States,NY,Yes,No,Yes,1-5,Yes,Yes,Don't know,Not sure,Don't know,Don't know,Don't know,Very easy,No,No,Yes,Yes,Yes,Yes,Don't know,No
37,Female,United States,MO,No,No,No,26-100,Yes,Yes,Don't know,Not sure,No,Don't know,Don't know,Don't know,Yes,No,Some of them,No,No,No,Don't know,No
32,Male,United States,PA,Yes,Yes,Yes,1-5,Yes,Yes,Yes,Yes,Don't know,Don't know,Don't know,Very difficult,Yes,Maybe,Some of them,No,No,No,No,No
37,Male,United States,NY,Yes,No,No,6-25,Yes,Yes,Yes,Yes,Yes,No,Yes,Somewhat easy,No,No,Yes,Yes,Maybe,Maybe,Yes,No
25,Male,United States,MO,No,Yes,Yes,6-25,Yes,Yes,Don't know,No,Yes,Don't know,Don't know,Don't know,Yes,No,Some of them,Yes,No,No,No,No
29,Male,United States,MD,No,No,No,6-25,Yes,Yes,Don't know,Not sure,No,No,Don't know,Very easy,No,No,Yes,Yes,No,No,Don't know,No
36,Male,United States,TN,No,Yes,Yes,More than 1000,Yes,No,Don't know,No,Don't know,Don't know,Don't know,Don't know,Yes,Maybe,No,No,No,Maybe,Don't know,No
36,Male,United States,OH,No,No,Yes,100-500,Yes,Yes,Yes,Yes,No,No,Don't know,Very difficult,Maybe,Maybe,Some of them,Some of them,Maybe,Maybe,Don't know,No
30,Male,United States,TX,Yes,No,Yes,26-100,Yes,Yes,Don't know,Not sure,Don't know,Don't know,Don't know,Don't know,No,No,Some of them,Some of them,No,Yes,Don't know,No
29,Female,United States,OR,No,Yes,Yes,26-100,Yes,No,Don't know,No,No,Don't know,Don't know,Don't know,Maybe,No,Some of them,Yes,No,Maybe,Don't know,No
36,Female,United States,CA,No,No,Yes,6-25,Yes,Yes,Yes,No,No,No,Don't know,Don't know,Maybe,Maybe,Some of them,Some of them,No,No,No,No
33,Male,United States,VA,Yes,Yes,Yes,1-5,Yes,Yes,No,Yes,No,No,Yes,Very easy,Maybe,Maybe,Yes,Yes,No,No,Yes,No
43,Male,United States,VA,No,No,No,6-25,Yes,Yes,Don't know,No,No,Don't know,Don't know,Don't know,Maybe,No,No,No,No,Maybe,No,No
33,Male,United States,WI,No,No,Yes,6-25,Yes,Yes,No,Yes,No,No,Yes,Somewhat difficult,No,No,Yes,Yes,Yes,Yes,Don't know,No
37,Female,United States,TX,No,No,Yes,6-25,Yes,Yes,Don't know,Not sure,No,No,Yes,Somewhat difficult,Yes,No,Some of them,Some of them,No,Yes,No,Yes
35,Female,United States,CA,No,No,Yes,100-500,Yes,Yes,Don't know,No,Don't know,Don't know,Don't know,Very easy,Maybe,No,Some of them,No,No,Maybe,Yes,No
39,Male,United States,CT,No,No,No,26-100,Yes,Yes,Yes,No,No,No,Don't know,Don't know,Yes,Maybe,No,No,No,No,Don't know,No
27,Male,United States,IN,No,No,No,26-100,Yes,Yes,Don't know,Not sure,No,Don't know,Don't know,Very easy,No,No,Yes,Yes,Maybe,Maybe,Yes,No
28,Male,United States,NV,No,No,Yes,6-25,Yes,Yes,No,Yes,No,No,Don't know,Don't know,Maybe,Maybe,Some of them,Some of them,No,No,Don't know,No
44,Male,United States,NS,Yes,Yes,Yes,1-5,Yes,Yes,No,Yes,No,No,No,Very easy,Yes,Yes,Some of them,No,No,No,Yes,No
38,Male,United States,IL,No,No,No,More than 1000,Yes,Yes,No,Yes,No,No,No,Very difficult,Yes,Yes,No,No,No,No,Don't know,No
34,Male,United States,FL,No,No,No,More than 1000,Yes,Yes,Don't know,Not sure,Don't know,Don't know,Don't know,Don't know,No,No,Some of them,Yes,No,Maybe,Yes,No
40,Male,United States,MI,Yes,No,No,1-5,Yes,Yes,Don't know,Not sure,No,No,Don't know,Somewhat easy,Yes,Maybe,Some of them,No,No,No,Don't know,No
29,Male,United States,WI,No,Yes,No,More than 1000,Yes,No,Yes,Yes,No,Yes,Yes,Very easy,Maybe,No,Some of them,No,No,No,Yes,No
47,Female,United States,PA,No,No,No,100-500,Yes,Yes,Don't know,No,No,Don't know,Don't know,Very difficult,Yes,Yes,No,No,No,No,No,No
40,Male,United States,TN,Yes,Yes,Yes,1-5,Yes,Yes,No,Yes,No,No,Yes,Very easy,No,No,Yes,Yes,No,No,Yes,No
42,Male,United States,WI,No,No,Yes,1-5,Yes,Yes,No,Yes,No,No,Don't know,Somewhat easy,Maybe,No,No,No,No,Maybe,Don't know,No
23,Male,United States,KY,No,Yes,No,26-100,Yes,Yes,Yes,Yes,No,Don't know,Yes,Don't know,Maybe,No,No,Some of them,No,No,Don't know,No
51,Male,United States,MN,No,No,No,More than 1000,Yes,Yes,Yes,Yes,Yes,Yes,Yes,Very easy,No,No,Yes,Yes,No,No,Yes,No
33,Male,United States,TN,No,Yes,Yes,6-25,Yes,Yes,No,Yes,No,No,Don't know,Very difficult,Yes,No,Some of them,Yes,No,Maybe,No,No
39,Male,United States,KS,No,No,No,1-5,Yes,Yes,No,Yes,No,No,Don't know,Very difficult,Maybe,Maybe,Some of them,Yes,Maybe,Maybe,No,No
56,Male,United States,CA,No,No,Yes,More than 1000,Yes,Yes,Yes,Yes,Don't know,Yes,Yes,Somewhat easy,No,No,Yes,Yes,Yes,Yes,Yes,No
39,Male,United States,TN,No,No,No,More than 1000,Yes,Yes,Don't know,Not sure,Don't know,Don't know,Don't know,Don't know,No,No,Some of them,Yes,No,No,Don't know,No
30,Male,United States,CA,Yes,Yes,Yes,6-25,Yes,Yes,Don't know,Not sure,No,Don't know,Don't know,Very difficult,Yes,No,No,No,No,Maybe,Don't know,No
30,Male,United States,GA,No,No,No,26-100,Yes,Yes,Yes,Yes,Don't know,Don't know,Yes,Very easy,No,No,Some of them,Yes,Maybe,Maybe,Yes,No
37,Male,United States,TN,No,No,No,500-1000,Yes,Yes,Yes,No,Yes,Don't know,Don't know,Don't know,Maybe,No,Some of them,Yes,No,No,Yes,Yes
35,Male,United States,TN,No,Yes,Yes,26-100,Yes,Yes,Yes,Yes,No,Don't know,Don't know,Don't know,Maybe,Maybe,Some of them,No,No,Maybe,No,No
41,Male,United States,DC,No,Yes,No,500-1000,Yes,No,Don't know,No,No,No,Don't know,Don't know,Maybe,No,No,No,No,No,Don't know,No
42,Male,United States,VA,Yes,Yes,No,6-25,Yes,No,Yes,Not sure,Don't know,Yes,Don't know,Don't know,Maybe,Maybe,Some of them,No,No,Maybe,Don't know,No
32,Male,United States,TN,Yes,Yes,Yes,1-5,Yes,Yes,No,Yes,No,No,Don't know,Very difficult,Yes,No,Some of them,No,No,Maybe,Don't know,No
40,Male,United States,TN,No,Yes,Yes,500-1000,Yes,Yes,Don't know,Not sure,No,Don't know,Don't know,Don't know,Maybe,Maybe,Some of them,Some of them,No,Yes,Don't know,No
50,Male,United States,VA,Yes,No,No,1-5,Yes,Yes,No,Yes,No,No,Yes,Somewhat easy,No,No,Some of them,Yes,No,Maybe,Yes,No
24,Male,United States,TX,No,No,No,26-100,Yes,Yes,Don't know,No,No,Don't know,Don't know,Somewhat easy,No,No,Some of them,Yes,No,Maybe,No,No
30,Male,United States,OK,No,No,No,More than 1000,Yes,Yes,Yes,No,Yes,Yes,Don't know,Don't know,Yes,Maybe,No,No,No,No,Don't know,No
36,Male,United States,TN,No,No,Yes,500-1000,Yes,Yes,Yes,Yes,Don't know,Don't know,Don't know,Don't know,Maybe,No,No,No,No,Maybe,Don't know,No
53,Male,United States,OR,No,No,Yes,6-25,Yes,Yes,Yes,Yes,No,Yes,Don't know,Don't know,Maybe,Maybe,Some of them,No,No,No,Don't know,No
30,Male,United States,PA,Yes,No,No,1-5,Yes,Yes,No,Yes,No,No,Yes,Somewhat easy,Maybe,Maybe,Some of them,Some of them,Maybe,Maybe,Don't know,No
31,Male,United States,SC,No,No,No,More than 1000,Yes,Yes,Yes,Yes,Yes,Yes,Yes,Very easy,No,No,Some of them,Yes,Maybe,Yes,Yes,No
25,Male,United States,TX,No,No,No,100-500,Yes,Yes,Yes,No,No,No,Yes,Don't know,No,No,Yes,Yes,Maybe,Maybe,Don't know,No
43,Male,United States,WA,No,No,Yes,100-500,Yes,Yes,Yes,Yes,No,Yes,Yes,Very difficult,Yes,Maybe,Some of them,No,No,Maybe,No,Yes
44,Male,United States,WA,No,Yes,Yes,6-25,Yes,Yes,Yes,Yes,Yes,Yes,Yes,Somewhat difficult,Maybe,Maybe,Some of them,Yes,No,Maybe,No,No
40,Male,United States,WA,No,Yes,Yes,More than 1000,Yes,Yes,Yes,Yes,Yes,Yes,Yes,Very difficult,Yes,No,Some of them,Some of them,No,Maybe,Don't know,Yes
43,Male,United States,MI,No,No,No,More than 1000,Yes,Yes,No,Not sure,No,No,Don't know,Very difficult,Yes,Maybe,No,No,No,Maybe,No,Yes
40,Male,United States,ME,No,Yes,Yes,1-5,Yes,Yes,No,No,No,No,Don't know,Don't know,Maybe,Maybe,Some of them,Yes,No,Maybe,No,No
39,Male,United States,MN,No,No,Yes,100-500,Yes,Yes,Yes,Yes,No,No,Yes,Very easy,Maybe,No,Some of them,Yes,No,No,Don't know,No
25,Male,United States,PA,No,Yes,Yes,6-25,Yes,Yes,Yes,Yes,No,Don't know,Yes,Somewhat easy,No,No,Yes,Yes,Maybe,Maybe,Don't know,No
42,Male,United States,IN,No,Yes,Yes,6-25,Yes,Yes,Don't know,No,No,Don't know,Don't know,Don't know,Maybe,No,Some of them,Yes,No,Maybe,Don't know,No
26,Female,United States,OH,No,No,Yes,26-100,Yes,Yes,Don't know,No,No,Don't know,Don't know,Don't know,Maybe,No,Some of them,No,Maybe,Maybe,Don't know,Yes
38,Male,United States,PA,No,Yes,Yes,100-500,Yes,No,Yes,Yes,No,Yes,Yes,Very easy,No,No,Yes,Yes,Yes,Yes,Don't know,No
39,Male,United States,IN,No,Yes,Yes,6-25,Yes,Yes,No,Yes,No,No,Yes,Somewhat easy,No,No,Some of them,Yes,Maybe,Yes,Yes,No
33,Female,United States,TX,Yes,No,No,1-5,Yes,Yes,No,Yes,Don't know,Don't know,Yes,Somewhat easy,Maybe,No,No,Some of them,No,No,Yes,No
38,Female,United States,OR,No,Yes,No,26-100,Yes,Yes,Don't know,Not sure,Don't know,Don't know,Don't know,Don't know,No,No,Some of them,Yes,No,No,Don't know,No
30,Male,United States,CA,No,Yes,Yes,26-100,Yes,Yes,Yes,No,No,No,Don't know,Don't know,Maybe,No,Some of them,No,No,Maybe,Don't know,No
25,Male,United States,NS,No,No,No,26-100,Yes,Yes,Don't know,No,No,No,Don't know,Somewhat easy,Yes,No,Some of them,Some of them,No,Yes,Don't know,Yes
37,Male,United States,IN,No,Yes,No,26-100,Yes,Yes,Don't know,No,No,No,Don't know,Somewhat easy,Maybe,No,Some of them,Some of them,No,Maybe,No,No
42,Male,United States,CA,No,Yes,Yes,6-25,Yes,Yes,Don't know,No,No,Don't know,Don't know,Don't know,Maybe,Maybe,Some of them,Some of them,No,No,Don't know,No
40,Female,United States,GA,No,Yes,No,100-500,Yes,Yes,Yes,Yes,Yes,No,Don't know,Don't know,Yes,Yes,No,No,No,No,Don't know,No
40,Male,United States,NC,No,Yes,No,More than 1000,Yes,No,Yes,Not sure,Yes,Don't know,Don't know,Don't know,Yes,Maybe,Some of them,Some of them,No,Maybe,No,No
44,Male,United States,MO,No,No,No,More than 1000,Yes,No,Don't know,No,Don't know,Don't know,Yes,Don't know,Yes,No,Some of them,No,No,No,No,No
35,Male,United States,OR,No,No,No,6-25,Yes,Yes,No,No,No,No,Don't know,Don't know,No,No,No,No,No,No,Don't know,No
28,Female,United States,OH,No,Yes,Yes,26-100,Yes,Yes,Don't know,No,No,No,Don't know,Somewhat easy,Yes,No,Some of them,Some of them,No,Maybe,No,No
33,Male,United States,NY,No,No,No,6-25,Yes,Yes,Yes,No,Don't know,Yes,Yes,Don't know,No,No,Some of them,Yes,No,No,Yes,No
40,Male,United States,WI,No,Yes,Yes,More than 1000,Yes,Yes,Yes,Yes,No,Yes,Don't know,Don't know,Yes,No,No,No,No,Maybe,Don't know,No
41,Male,United States,IL,Yes,No,Yes,1-5,Yes,No,No,Yes,Yes,Yes,Yes,Very difficult,No,No,Some of them,Some of them,No,No,Yes,Yes
36,Male,United States,FL,No,No,No,1-5,Yes,Yes,Don't know,Not sure,Don't know,Don't know,Don't know,Very easy,No,No,Some of them,Some of them,No,No,Don't know,No
33,Male,United States,FL,Yes,No,No,6-25,Yes,Yes,Don't know,No,No,No,No,Very easy,Maybe,No,Some of them,Yes,No,Maybe,Yes,No
29,Female,United States,NJ,No,No,Yes,More than 1000,Yes,No,Yes,No,No,No,Don't know,Somewhat easy,No,No,Some of them,Yes,Maybe,Maybe,Don't know,No
44,Male,United States,FL,Yes,No,No,1-5,Yes,Yes,Don't know,No,No,No,Yes,Somewhat difficult,No,No,No,No,No,No,Don't know,No
25,Male,United States,UT,No,No,Yes,6-25,Yes,Yes,Don't know,No,No,No,Don't know,Somewhat easy,Maybe,No,Some of them,No,No,Maybe,Don't know,No
34,Male,United States,NJ,No,No,No,6-25,Yes,Yes,Yes,Not sure,Don't know,Don't know,Don't know,Somewhat easy,Maybe,Maybe,No,Some of them,No,Maybe,Don't know,No
39,Female,United States,OH,No,No,Yes,6-25,Yes,Yes,No,No,No,No,Don't know,Don't know,Maybe,Maybe,Some of them,Some of them,No,Maybe,No,No
43,Male,United States,OH,No,No,No,More than 1000,Yes,Yes,Yes,Not sure,No,Yes,Don't know,Don't know,Maybe,No,No,No,No,No,Don't know,No
43,Male,United States,VA,Yes,Yes,Yes,1-5,Yes,Yes,Yes,Not sure,No,Don't know,Don't know,Don't know,Maybe,Maybe,Some of them,Some of them,No,Maybe,Don't know,No
37,Female,United States,NJ,No,Yes,Yes,26-100,Yes,Yes,Yes,Yes,No,Don't know,Don't know,Don't know,Yes,Maybe,No,No,No,Maybe,Don't know,No
31,Male,United States,OH,Yes,No,No,1-5,Yes,Yes,No,Yes,No,No,Yes,Very easy,No,No,Some of them,Some of them,No,Maybe,Yes,No
24,Male,United States,WI,No,Yes,Yes,6-25,Yes,Yes,Don't know,No,No,No,Don't know,Very easy,No,No,Yes,Yes,Maybe,Yes,Yes,No
29,Male,United States,NY,No,No,No,6-25,Yes,Yes,Yes,Not sure,No,Yes,Don't know,Don't know,Maybe,No,Some of them,Yes,Maybe,Yes,Don't know,No
35,Female,United States,WA,No,Yes,No,6-25,Yes,Yes,Don't know,No,No,No,Don't know,Somewhat easy,No,No,Yes,Some of them,No,No,Yes,No
45,Male,United States,CA,No,No,No,6-25,Yes,Yes,Yes,No,No,No,Don't know,Don't know,Yes,Maybe,Some of them,No,No,Maybe,Don't know,No
25,Male,United States,SC,No,No,Yes,6-25,Yes,Yes,No,Yes,No,Don't know,Don't know,Somewhat easy,Maybe,No,No,Some of them,No,Maybe,Don't know,No
25,Male,United States,MN,No,Yes,Yes,1-5,Yes,Yes,Don't know,No,Don't know,Don't know,Don't know,Very easy,No,No,Yes,Yes,Maybe,Yes,Don't know,No
34,Male,United States,VT,No,No,No,1-5,Yes,Yes,No,Yes,No,No,Don't know,Don't know,Yes,Yes,No,No,No,No,Don't know,No
20,Female,United States,NY,No,No,Yes,26-100,Yes,Yes,Don't know,Not sure,Don't know,Don't know,Don't know,Don't know,No,No,Some of them,Some of them,Maybe,Maybe,Don't know,No
36,Female,United States,TN,No,Yes,Yes,More than 1000,Yes,Yes,Yes,Yes,No,No,Yes,Somewhat easy,Maybe,Maybe,Some of them,No,No,No,Don't know,No
26,Female,United States,NY,No,Yes,No,26-100,Yes,Yes,Don't know,No,No,No,Don't know,Don't know,Maybe,No,No,No,No,No,Don't know,No
26,Male,United States,TX,No,Yes,Yes,6-25,Yes,Yes,Don't know,No,No,Don't know,Don't know,Somewhat easy,Maybe,No,Some of them,Some of them,Maybe,Maybe,Don't know,No
46,Female,United States,CA,No,No,Yes,100-500,Yes,No,Yes,Yes,No,No,Yes,Don't know,Maybe,No,Some of them,Some of them,No,Maybe,No,No
72,Female,United States,IN,No,Yes,Yes,500-1000,Yes,No,Yes,Not sure,Don't know,Yes,Don't know,Somewhat easy,Maybe,Maybe,Some of them,Yes,No,No,Don't know,Yes
35,Female,United States,IN,No,Yes,Yes,1-5,Yes,Yes,No,No,No,No,Yes,Don't know,Maybe,Maybe,Some of them,Some of them,No,No,Yes,No
56,Female,United States,OR,Yes,No,No,1-5,Yes,Yes,Don't know,Not sure,Don't know,Don't know,Don't know,Don't know,Maybe,Maybe,No,No,No,No,Don't know,No
38,Male,United States,AL,No,Yes,Yes,26-100,Yes,Yes,Yes,No,No,No,Don't know,Don't know,Maybe,No,Some of them,Some of them,No,No,Don't know,No
32,Male,United States,TX,No,No,Yes,26-100,Yes,Yes,Yes,Not sure,No,Don't know,Don't know,Very difficult,Yes,Maybe,Some of them,No,No,No,Don't know,No
33,Male,United States,FL,No,No,Yes,26-100,Yes,Yes,Yes,Yes,No,No,Yes,Don't know,Maybe,No,Some of them,No,No,Maybe,Don't know,No
38,Male,United States,TX,No,No,Yes,More than 1000,Yes,Yes,Yes,No,Yes,Yes,Yes,Very easy,No,No,Yes,Yes,No,No,Don't know,No
46,Male,United States,MD,No,Yes,Yes,100-500,Yes,Yes,Don't know,Not sure,Don't know,Don't know,Don't know,Don't know,No,No,Some of them,Yes,Yes,Yes,Don't know,No
60,Male,United States,CA,No,No,Yes,More than 1000,Yes,Yes,Don't know,No,Yes,Don't know,Don't know,Somewhat easy,Maybe,Maybe,Some of them,No,No,Maybe,Don't know,No
43,Female,United States,FL,No,Yes,Yes,More than 1000,Yes,Yes,Yes,Yes,No,Yes,Don't know,Don't know,No,No,Some of them,Yes,No,No,Don't know,No
29,Male,United States,NC,No,Yes,Yes,100-500,Yes,Yes,Yes,Yes,Yes,No,Yes,Don't know,Yes,No,Some of them,No,No,Maybe,No,No
32,Male,United States,IL,No,Yes,Yes,26-100,Yes,Yes,Yes,Yes,No,No,Yes,Somewhat difficult,No,No,Some of them,Yes,No,No,Yes,No
46,Female,United States,NC,No,No,No,100-500,Yes,Yes,No,Yes,No,No,Don't know,Don't know,Yes,No,No,No,No,No,No,No
